Factor,Source,Concentration,Proportion
1,Biomass,54.254,69.64239182
2,Crustal,3.2098,4.120215086
3,Other Soil,3.2809,4.211481611
4,Fossil Fuel,17.159,22.02591148
