fact,ratio
2,16.30012
3,11.86485
4,8.981153
5,6.450712
6,5.696898
7,5.43611
